{
  "datetime": "2022-06-08 06:18:58",
  "metrics": [
    [
      1024,
      465.3466417207518,
      2.200510132002819
    ],
    [
      2048,
      1555.4029731571907,
      1.316700581999612
    ],
    [
      4096,
      8735.19739398193,
      0.4689075489950483
    ],
    [
      8192,
      15979.125238892873,
      0.5126688650052529
    ],
    [
      16384,
      30382.38672241898,
      0.5392598069956875
    ]
  ],
  "name": "Kmeans Numba",
  "randseed": 7777777,
  "repeat": 5,
  "sizes": 5,
  "step": 2
}