{
  "metrics": [
    [
      1024,
      192326.81460066064,
      0.005324270576238632
    ],
    [
      2048,
      173110.05460049078,
      0.01183062419295311
    ],
    [
      4096,
      103990.647634609,
      0.039388157427310944
    ],
    [
      8192,
      45403.57009414297,
      0.18042634055018425
    ],
    [
      16384,
      27517.040276324722,
      0.5954128727316856
    ]
  ],
  "name": "Pairwise Distance Kernel",
  "repeat": 1,
  "sizes": 5,
  "step": 2
}