{
  "metrics": [
    [
      1024,
      8928.936486977915,
      0.11468331099604256
    ],
    [
      2048,
      11809.543683119136,
      0.17341906300134724
    ],
    [
      4096,
      14037.065481392096,
      0.2917988810004317
    ],
    [
      8192,
      10476.220450882707,
      0.781961398999556
    ],
    [
      16384,
      5189.204101578696,
      3.157324259998859
    ]
  ],
  "name": "Gpairs Dppy kernel",
  "repeat": 5,
  "sizes": 5,
  "step": 2
}